"NodeId","Scalar","VertexId","CriticalType","RegionSize","RegionSpan","Points:0","Points:1","Points:2"
0,2.9868979,936,0,50,7,16,23,0
1,2.9721489,1488,0,0,1,8,37,0
2,2.9712088,1529,0,0,1,9,38,0
3,2.9725227,1489,1,49,8,9,37,0
4,3.0097072,1213,1,1495,32,13,30,0
5,6.3035545,1,3,1495,32,1,0,0
