"ttkVertexScalarField","CriticalType","Coordinates:0","Coordinates:1","Coordinates:2","Points:0","Points:1","Points:2"
1,0,1,0,0,2.4419122,2.4419122,0
1599,3,39,39,0,2.4419122,2.4634838,0
3,0,3,0,0,2.4421561,2.4421561,0
2,1,2,0,0,2.4421561,2.4421663,0
